{
  "format": 1.0,
  "validity": 1.0,
  "structural": 0.5071428571428571,
  "text_block": 0.1356891348088531,
  "position": 0.678430701330348,
  "color": 0.1479254913330078,
  "clip": 0.37609314918518066,
  "total": 0.4841181797549201
}