{
  "format": 1.0,
  "validity": 1.0,
  "structural": 0.5426829268292683,
  "text_block": 0.18053391053391052,
  "position": 0.6252872447305856,
  "color": 0.3440286254882813,
  "clip": 0.3333568274974823,
  "total": 0.5044200303456579
}