{
  "easy": {
    "qwen": {
      "format": 0.5,
      "validity": 1.0,
      "structural": 0.5071428571428571,
      "text_block": 0.1356891348088531,
      "position": 0.6774623942323857,
      "color": 0.22470138549804686,
      "clip": 0.3693375587463379,
      "total": 0.43548444710929685
    },
    "nemotron": {
      "format": 0.5,
      "validity": 1.0,
      "structural": 0.7258064516129032,
      "text_block": 0.07894736842105263,
      "position": 0.3943173166924293,
      "color": 0.19039924621582027,
      "clip": 0.6863933205604553,
      "total": 0.48235604360935214
    }
  },
  "medium": {
    "qwen": {
      "format": 0.5,
      "validity": 1.0,
      "structural": 0.40625,
      "text_block": 0.08649161400814977,
      "position": 0.355390786361848,
      "color": 0.3096676635742187,
      "clip": 0.6471866965293884,
      "total": 0.44874056344568264
    },
    "nemotron": {
      "format": 0.5,
      "validity": 1.0,
      "structural": 0.6891891891891893,
      "text_block": 0.06842105263157894,
      "position": 0.15936067865738723,
      "color": 0.32607559204101566,
      "clip": 0.501331627368927,
      "total": 0.423792313320956
    }
  },
  "hard": {
    "qwen": {
      "format": 0.5,
      "validity": 1.0,
      "structural": 0.3487654320987654,
      "text_block": 0.09773425499231951,
      "position": 0.15858261962864317,
      "color": 0.10797164916992186,
      "clip": 0.6000931859016418,
      "total": 0.3901082869650281
    },
    "nemotron": {
      "format": 0.5,
      "validity": 1.0,
      "structural": 0.573170731707317,
      "text_block": 0.016826923076923076,
      "position": 0.08504761594815802,
      "color": 0.29481719970703124,
      "clip": 0.5265741348266602,
      "total": 0.3933152959077415
    }
  }
}