{
  "base": {
    "easy": 0.9243973055114807,
    "medium": 0.9372676291451125,
    "hard": 0.9185716694719408,
    "mean": 0.9267455347095114
  },
  "trained": {
    "easy": 0.9611741650156129,
    "medium": 0.9548819308270371,
    "hard": 0.952349656191104,
    "mean": 0.956135250677918
  },
  "lora_path": "checkpoints/run2/developer_final",
  "model": "/home/IITB/cfilt/24m0797/models/Qwen3.5-2B",
  "episodes": 2
}